country;country_label;planetarium_name;google_maps_link;translated_planetarium_name
Algeria;Algeria 1;Planétarium - la coupole;https://www.google.com/maps?q=35.193805,-0.6331005;
Algeria;Algeria 2;Planétarium de Ghardaia;https://www.google.com/maps?q=32.5035061,3.6841345;
Algeria;Algeria 3;Planétarium d'Alger;https://www.google.com/maps?q=36.7772886,3.0542537;
Argentina;Argentina 1;Centro Astronómico Antoine de Saint Exupéry;https://www.google.com/maps?q=-43.2460203,-65.2987268;
Argentina;Argentina 2;"Centro de Interpretación y Planetario ""Elsa Feher Rosenvasser""";https://www.google.com/maps?q=-47.1356478,-70.6364093;
Argentina;Argentina 3;El Leoncito;https://www.google.com/maps?q=-31.7985772,-69.2955952;
Argentina;Argentina 4;No-Name;https://www.google.com/maps?q=-31.2135046,-64.1589998;
Argentina;Argentina 5;No-Name;https://www.google.com/maps?q=-33.9006586,-60.564091;
Argentina;Argentina 6;No-Name;https://www.google.com/maps?q=-31.4319137,-64.185422;
Argentina;Argentina 7;No-Name;https://www.google.com/maps?q=-26.7228445,-66.0672747;
Argentina;Argentina 8;Observatorio;https://www.google.com/maps?q=-29.1548516,-59.6459433;
Argentina;Argentina 9;Planetario Galileo Galilei;https://www.google.com/maps?q=-34.5696495,-58.411721;
Argentina;Argentina 10;Planetario Janaxpacha Wasi;https://www.google.com/maps?q=-27.5255479,-65.9914008;
Armenia;Armenia 1;No-Name;https://www.google.com/maps?q=40.1746182,44.5087939;
Australia;Australia 1;Launceston Planetarium;https://www.google.com/maps?q=-41.4282963,147.1409558;
Australia;Australia 2;Melbourne Planetarium;https://www.google.com/maps?q=-37.832234,144.8937617;
Australia;Australia 3;Sir Thomas Brisbane Planetarium;https://www.google.com/maps?q=-27.4757407,152.976964;
Australia;Australia 4;Ulverstone Planetarium;https://www.google.com/maps?q=-41.1573229,146.1758479;
Austria;Austria 1;Planetarium;https://www.google.com/maps?q=48.2161343,16.3949316;
Austria;Austria 2;Planetarium Judenburg;https://www.google.com/maps?q=47.1681994,14.6612772;
Austria;Austria 3;Planetarium Klagenfurt;https://www.google.com/maps?q=46.6193365,14.2656724;
Azerbaijan;Azerbaijan 1;Observatoriya \ Pirqulu;https://www.google.com/maps?q=40.7812538,48.5989843;
Azerbaijan;Azerbaijan 2;Rəsədxana;https://www.google.com/maps?q=40.7818772,48.5983242;
Azerbaijan;Azerbaijan 3;Zeiss-2000;https://www.google.com/maps?q=40.7806662,48.5972057;
Bangladesh;Bangladesh 1;Bhasani Novo Theatre;https://www.google.com/maps?q=23.7638083,90.3869651;
Bangladesh;Bangladesh 2;Novo Theatre;https://www.google.com/maps?q=24.3688959,88.5714637;
Bangladesh;Bangladesh 3;নভোথিয়েটার;https://www.google.com/maps?q=23.7638264,90.3877705;Novo Theatre
Belarus;Belarus 1;Планетарый;https://www.google.com/maps?q=53.9042849,27.5735387;Planetarium
Belgium;Belgium 1;Cosmodrome;https://www.google.com/maps?q=50.9579143,5.5369462;
Belgium;Belgium 2;Cozmix;https://www.google.com/maps?q=51.1768079,3.1529366;
Belgium;Belgium 3;Planetarium;https://www.google.com/maps?q=50.893339,4.3372106;
Belgium;Belgium 4;Urania Planetarium;https://www.google.com/maps?q=51.1443268,4.4654809;
Bolivia;Bolivia 1;Planetario Max Schreier - Fisica UMSA;https://www.google.com/maps?q=-16.5037619,-68.1292846;
Bolivia;Bolivia 2;Planetario MultiProyector GOTO-GS;https://www.google.com/maps?q=-21.5956732,-64.6240244;
Bolivia;Bolivia 3;Planetario de Física;https://www.google.com/maps?q=-16.5037663,-68.1293071;
Bolivia;Bolivia 4;Planetario y Observatorio Astronómico Ronald Muyzert;https://www.google.com/maps?q=-16.5307823,-68.1487919;
Bolivia;Bolivia 5;Science Corner CBA;https://www.google.com/maps?q=-17.7835828,-63.1776819;
Bosnia and Herzegovina;Bosnia and Herzegovina 1;Astronomska opservatorija;https://www.google.com/maps?q=43.8422303,18.4381781;
Brasilien;Brasilien 1;Estação Metereológica;https://www.google.com/maps?q=-0.7276143,-48.5158534;
Brazil;Brazil 1;Antigo Planetário;https://www.google.com/maps?q=-22.1156101,-43.2046807;
Brazil;Brazil 2;Brisolão;https://www.google.com/maps?q=-22.3059797,-42.5432122;
Brazil;Brazil 3;Centro de Ciências e Planetário do Pará;https://www.google.com/maps?q=-1.3839873,-48.4385116;
Brazil;Brazil 4;No-Name;https://www.google.com/maps?q=-20.5456675,-47.4023969;
Brazil;Brazil 5;No-Name;https://www.google.com/maps?q=-16.6637709,-49.253717;
Brazil;Brazil 6;No-Name;https://www.google.com/maps?q=-15.8771725,-52.313779;
Brazil;Brazil 7;No-Name;https://www.google.com/maps?q=-14.8512371,-40.8503383;
Brazil;Brazil 8;No-Name;https://www.google.com/maps?q=-22.268695,-48.1189785;
Brazil;Brazil 9;No-Name;https://www.google.com/maps?q=-20.8149684,-49.4145445;
Brazil;Brazil 10;No-Name;https://www.google.com/maps?q=-22.9781004,-43.2303166;
Brazil;Brazil 11;No-Name;https://www.google.com/maps?q=-27.6034057,-48.5225597;
Brazil;Brazil 12;Planetário;https://www.google.com/maps?q=-15.7876713,-47.8989351;
Brazil;Brazil 13;Planetário;https://www.google.com/maps?q=-9.7529318,-36.6793711;
Brazil;Brazil 14;Planetário;https://www.google.com/maps?q=-15.8771543,-52.3137799;
Brazil;Brazil 15;"Planetário ""Doutor Odorico Nilo Menin Filho""";https://www.google.com/maps?q=-22.190926,-51.3815615;
Brazil;Brazil 16;Planetário CCTECA;https://www.google.com/maps?q=-10.9444152,-37.0560435;
Brazil;Brazil 17;Planetário CIENTEC;https://www.google.com/maps?q=-23.6508224,-46.6225582;
Brazil;Brazil 18;Planetário Digital;https://www.google.com/maps?q=-26.9089514,-48.6539116;
Brazil;Brazil 19;Planetário Espaço-Nave;https://www.google.com/maps?q=-22.95933,-42.9538994;
Brazil;Brazil 20;Planetário Juan Bernardino Marques Barrio;https://www.google.com/maps?q=-16.6629407,-49.2539052;
Brazil;Brazil 21;Planetário MAAS;https://www.google.com/maps?q=-22.9030067,-46.8279305;
Brazil;Brazil 22;Planetário PUC Minas;https://www.google.com/maps?q=-19.9225165,-43.9899995;
Brazil;Brazil 23;Planetário Professor  Benedito Rela;https://www.google.com/maps?q=-22.9995774,-46.8341886;
Brazil;Brazil 24;Planetário Professor José Baptista Pereira;https://www.google.com/maps?q=-30.0437235,-51.2079923;
Brazil;Brazil 25;Planetário Professor José Mariano da Rocha Filho;https://www.google.com/maps?q=-29.7200536,-53.7172827;
Brazil;Brazil 26;Planetário Rubens de Azevedo;https://www.google.com/maps?q=-3.7215299,-38.520236;
Brazil;Brazil 27;Planetário da Gávea;https://www.google.com/maps?q=-22.9781446,-43.2302604;
Brazil;Brazil 28;Planetário da Unipampa;https://www.google.com/maps?q=-31.3068165,-54.0649699;
Brazil;Brazil 29;Planetário de Campinas;https://www.google.com/maps?q=-22.8758487,-47.0581591;
Brazil;Brazil 30;Planetário de Sobral;https://www.google.com/maps?q=-3.6887635,-40.3553428;
Brazil;Brazil 31;Planetário de Vitória;https://www.google.com/maps?q=-20.277607,-40.3071052;
Brazil;Brazil 32;Planetário de Volta Redonda;https://www.google.com/maps?q=-22.5165204,-44.0939887;
Brazil;Brazil 33;Planetário do Carmo;https://www.google.com/maps?q=-23.5770014,-46.4594402;
Brazil;Brazil 34;Planetário do Carmo;https://www.google.com/maps?q=-23.5769314,-46.4594513;
Brazil;Brazil 35;Planetário do Colégio Estadual do Paraná;https://www.google.com/maps?q=-25.4230644,-49.266397;
Brazil;Brazil 36;Planetário do Ibirapuera;https://www.google.com/maps?q=-23.5845215,-46.6609213;
Brazil;Brazil 37;Planetário do bósque;https://www.google.com/maps?q=-5.9247413,-35.2654596;
Brazil;Brazil 38;Planetário e Teatro Digital Johannes Kepler;https://www.google.com/maps?q=-23.6789184,-46.5307715;
Brazil;Brazil 39;UFG - Planetário;https://www.google.com/maps?q=-16.6630708,-49.2536639;
Bulgaria;Bulgaria 1;Планетариум;https://www.google.com/maps?q=42.8740429,25.3276175;
Bulgaria;Bulgaria 2;Планетариум;https://www.google.com/maps?q=41.5759377,24.7087044;
Bulgaria;Bulgaria 3;Планетариум ВВМУ;https://www.google.com/maps?q=43.2119463,27.9315521;
Bulgaria;Bulgaria 4;Планетариум Джордано Бруно;https://www.google.com/maps?q=42.0459632,25.5780253;
Bulgaria;Bulgaria 5;Планетатиум ПланетУМ;https://www.google.com/maps?q=42.4844826,27.482602;
Canada;Canada 1;ASTROLab;https://www.google.com/maps?q=45.4233239,-71.1259568;
Canada;Canada 2;Lockhart Planetarium;https://www.google.com/maps?q=49.8113191,-97.1313383;
Canada;Canada 3;Margaret Zeidler Star Theatre;https://www.google.com/maps?q=53.5608355,-113.5634833;
Canada;Canada 4;Planétarium Rio Tinto Alcan;https://www.google.com/maps?q=45.5606507,-73.5505636;
Canada;Canada 5;Queen Elizabeth II Planetarium;https://www.google.com/maps?q=53.5621386,-113.560499;
Chile;Chile 1;Centro Astronómico Tagua Tagua;https://www.google.com/maps?q=-34.3755594,-71.0762931;
Chile;Chile 2;Museo Interactivo de Astronomía;https://www.google.com/maps?q=-33.5201899,-70.6144908;
Chile;Chile 3;No-Name;https://www.google.com/maps?q=-33.3747792,-70.6348588;
Chile;Chile 4;Observatorio Cruz Del Sur;https://www.google.com/maps?q=-31.2008592,-71.0002116;
Chile;Chile 5;Observatorio Cruz Del Sur;https://www.google.com/maps?q=-31.2008919,-71.0000949;
Chile;Chile 6;Planetario;https://www.google.com/maps?q=-33.4503516,-70.6813604;
Chile;Chile 7;Planetario Chile;https://www.google.com/maps?q=-33.4503446,-70.6814132;
China;China 1;No-Name;https://www.google.com/maps?q=39.9360123,116.3303252;
China;China 2;No-Name;https://www.google.com/maps?q=30.4693542,119.5976578;
China;China 3;No-Name;https://www.google.com/maps?q=30.4686897,119.5971546;
China;China 4;No-Name;https://www.google.com/maps?q=32.5209394,120.1504309;
China;China 5;No-Name;https://www.google.com/maps?q=35.7888151,118.6468016;
China;China 6;上海天文馆 (上海Planetarium);https://www.google.com/maps?q=30.9151673,121.9223871;
China;China 7;上海天文馆 (上海Planetarium);https://www.google.com/maps?q=30.9145215,121.9217931;
China;China 8;包头市科技馆 (包头市Science & Technology Museum Planetarium);https://www.google.com/maps?q=40.622225,109.9212946;
China;China 9;北京天文馆 (北京Planetarium);https://www.google.com/maps?q=39.9359608,116.3303526;
China;China 10;北京天文馆 (北京Planetarium);https://www.google.com/maps?q=39.9356769,116.3308878;
China;China 11;南宁市科技馆 (南宁市Science & Technology Museum Planetarium);https://www.google.com/maps?q=22.8084644,108.4055619;
China;China 12;地院天文馆 (地院Planetarium);https://www.google.com/maps?q=19.9760007,110.507262;
China;China 13;墨江天文馆 (墨江Planetarium);https://www.google.com/maps?q=23.4335855,101.6813487;
China;China 14;大足科技馆 (大足Science & Technology Museum Planetarium);https://www.google.com/maps?q=29.6746657,105.7359953;
China;China 15;天象厅;https://www.google.com/maps?q=40.0097969,116.4709934;
China;China 16;天象廳 Space Theatre;https://www.google.com/maps?q=22.2942681,114.1720098;
China;China 17;天象館 (天象Hall);https://www.google.com/maps?q=26.0673422,119.3226384;
China;China 18;天象馆 (天象Hall);https://www.google.com/maps?q=30.8366391,121.5083781;
China;China 19;少年宫天文馆 (Children’s PalacePlanetarium);https://www.google.com/maps?q=33.7327672,113.2925395;
China;China 20;常德科技/天文馆 (常德科技/Planetarium);https://www.google.com/maps?q=29.0553239,111.6707786;
China;China 21;平塘国际天文体验馆 (平塘国际天文体验Hall);https://www.google.com/maps?q=25.6977059,106.8866384;
China;China 22;平顶山市科技馆 (平顶山市Science & Technology Museum Planetarium);https://www.google.com/maps?q=33.7848362,113.1453868;
China;China 23;广州六中天象臺;https://www.google.com/maps?q=23.1000616,113.3010308;
China;China 24;广州大学天象馆 (广州University天象Hall);https://www.google.com/maps?q=23.0401682,113.3633473;
China;China 25;星海天文;https://www.google.com/maps?q=30.543009,104.3173289;
China;China 26;武威市科技馆 (武威市Science & Technology Museum Planetarium);https://www.google.com/maps?q=37.94001,102.6184413;
Colombia;Colombia 1;No-Name;https://www.google.com/maps?q=4.7927265,-75.6887409;
Colombia;Colombia 2;Observatorio de la Av Cali;https://www.google.com/maps?q=4.6967468,-74.1051631;
Colombia;Colombia 3;Planetario Combarranquilla;https://www.google.com/maps?q=10.9869115,-74.7995165;
Colombia;Colombia 4;Planetario Grupo Halley UIS;https://www.google.com/maps?q=7.1392034,-73.1211544;
Colombia;Colombia 5;Planetario UIS;https://www.google.com/maps?q=7.1394135,-73.1206905;
Colombia;Colombia 6;Planetario de Bogotá;https://www.google.com/maps?q=4.6120661,-74.0688228;
Colombia;Colombia 7;Planetario de Medellín;https://www.google.com/maps?q=6.2689919,-75.5661052;
Colombia;Colombia 8;Planetario del Sur;https://www.google.com/maps?q=4.4999338,-74.1172476;
Costa Rica;Costa Rica 1;Planetario de San José;https://www.google.com/maps?q=9.9369264,-84.0451865;
Costa Rica;Costa Rica 2;Planetario de San José;https://www.google.com/maps?q=9.9369352,-84.0451885;
Cuba;Cuba 1;No-Name;https://www.google.com/maps?q=23.1361943,-82.3497226;
Czechia;Czechia 1;3D Planetárium;https://www.google.com/maps?q=49.7394388,13.3624797;
Czechia;Czechia 2;Digitální planetárium;https://www.google.com/maps?q=50.1773129,15.8394511;
Czechia;Czechia 3;Hvězdárna;https://www.google.com/maps?q=49.4472278,17.4797219;
Czechia;Czechia 4;Hvězdárna;https://www.google.com/maps?q=50.2289556,17.2065211;
Czechia;Czechia 5;Hvězdárna Rokycany;https://www.google.com/maps?q=49.7516823,13.6026957;
Czechia;Czechia 6;Hvězdárna Rtyně v Podkrkonoší;https://www.google.com/maps?q=50.5086976,16.0961038;
Czechia;Czechia 7;Hvězdárna Veselí nad Moravou;https://www.google.com/maps?q=48.9541422,17.3702015;
Czechia;Czechia 8;Hvězdárna a Planetárium Ostrava;https://www.google.com/maps?q=49.8373651,18.1449335;
Czechia;Czechia 9;Hvězdárna a planetárium Brno;https://www.google.com/maps?q=49.20471,16.5837423;
Czechia;Czechia 10;"Miniplanetarium und Kuppelkino ""Sternenscheune""";https://www.google.com/maps?q=50.9562681,14.6544328;
Czechia;Czechia 11;No-Name;https://www.google.com/maps?q=50.1983669,15.9393914;
Czechia;Czechia 12;No-Name;https://www.google.com/maps?q=50.4343461,15.3405577;
Czechia;Czechia 13;No-Name;https://www.google.com/maps?q=50.1772469,15.8391353;
Czechia;Czechia 14;Planetárium;https://www.google.com/maps?q=49.0260934,17.646572;
Czechia;Czechia 15;Planetárium;https://www.google.com/maps?q=50.10552,14.4275109;
Czechia;Czechia 16;Planetárium;https://www.google.com/maps?q=50.645491,13.8523884;
Czechia;Czechia 17;Unisféra;https://www.google.com/maps?q=49.9351436,17.896596;
Czechia;Czechia 18;Zámecká hvězdárna;https://www.google.com/maps?q=49.3322109,17.5841065;
Czechia;Czechia 19;hvězdárna;https://www.google.com/maps?q=49.4637507,17.9736649;
Czechia;Czechia 20;Ždánická hvězdárna a planetárium Oldřicha Kotíka;https://www.google.com/maps?q=49.0657379,17.0378584;
Denmark;Denmark 1;Tycho Brahe Planetarium;https://www.google.com/maps?q=55.6745208,12.5579993;
Ecuador;Ecuador 1;Centro Cultural Pedro Vicente Maldonado;https://www.google.com/maps?q=-0.2142875,-78.4943908;
Ecuador;Ecuador 2;No-Name;https://www.google.com/maps?q=-0.2205469,-78.5141684;
Ecuador;Ecuador 3;No-Name;https://www.google.com/maps?q=-0.1468862,-78.5072501;
Ecuador;Ecuador 4;Planetario;https://www.google.com/maps?q=-2.9052181,-79.0041169;
Ecuador;Ecuador 5;Planetario de la Armada;https://www.google.com/maps?q=-2.2707605,-79.9010392;
Estonia;Estonia 1;No-Name;https://www.google.com/maps?q=58.3025818,24.5897654;
Finland;Finland 1;Heurekan planetaario;https://www.google.com/maps?q=60.2875972,25.0399754;
Finland;Finland 2;Planetaario;https://www.google.com/maps?q=61.5048065,23.7428027;
Finland;Finland 3;Tuorlan Planetaario;https://www.google.com/maps?q=60.4154262,22.4442473;
France;France 1;Association Astronomique Véga de la Lyre;https://www.google.com/maps?q=44.876904,-0.3136865;
France;France 2;Chocs Cosmiques;https://www.google.com/maps?q=46.6686141,0.3651058;
France;France 3;Coupole d'astronomie;https://www.google.com/maps?q=47.395127,0.9745795;
France;France 4;Le PLUS;https://www.google.com/maps?q=50.9961613,2.3661246;
France;France 5;Le Planétarium;https://www.google.com/maps?q=46.6289246,-0.6598061;
France;France 6;Le Planétarium;https://www.google.com/maps?q=48.8950629,2.3871781;
France;France 7;No-Name;https://www.google.com/maps?q=47.8930229,-1.5060637;
France;France 8;No-Name;https://www.google.com/maps?q=43.4696057,-1.5561102;
France;France 9;No-Name;https://www.google.com/maps?q=44.4377368,2.5136584;
France;France 10;No-Name;https://www.google.com/maps?q=43.3055743,5.3948879;
France;France 11;No-Name;https://www.google.com/maps?q=48.9472364,2.4345676;
France;France 12;Planet Ocean Montpellier;https://www.google.com/maps?q=43.6031876,3.9166007;
France;France 13;Planetarium du Moulin du Ligoret;https://www.google.com/maps?q=47.2239792,0.8299731;
France;France 14;Planète Tarn;https://www.google.com/maps?q=43.7203642,2.3407786;
France;France 15;Planétarium;https://www.google.com/maps?q=47.5921375,3.6307582;
France;France 16;Planétarium;https://www.google.com/maps?q=43.1478016,2.9711159;
France;France 17;Planétarium;https://www.google.com/maps?q=43.5640302,1.4811737;
France;France 18;Planétarium;https://www.google.com/maps?q=43.5862832,1.4916213;
France;France 19;Planétarium;https://www.google.com/maps?q=43.9072195,5.7265933;
France;France 20;Planétarium;https://www.google.com/maps?q=45.8145894,2.9416072;
France;France 21;Planétarium (Espace Mendes France);https://www.google.com/maps?q=46.579918,0.3482237;
France;France 22;Planétarium Hubert Curien;https://www.google.com/maps?q=47.3203106,5.0266164;
France;France 23;Planétarium Hubert Reeves;https://www.google.com/maps?q=43.9203593,0.8196033;
France;France 24;Planétarium Marc Bertin;https://www.google.com/maps?q=47.6408597,6.8652086;
France;France 25;Planétarium Orionis;https://www.google.com/maps?q=50.4097922,3.13146;
France;France 26;Planétarium Peiresc;https://www.google.com/maps?q=43.532966,5.4251567;
France;France 27;Planétarium de Bretagne;https://www.google.com/maps?q=48.7830555,-3.5271585;
France;France 28;Planétarium de Nantes;https://www.google.com/maps?q=47.2022374,-1.5775216;
France;France 29;Planétarium de Reims;https://www.google.com/maps?q=49.2425872,4.0153884;
France;France 30;Planétarium de Saint-Étienne;https://www.google.com/maps?q=45.427785,4.4027109;
France;France 31;Planétarium de Vaulx-en-Velin;https://www.google.com/maps?q=45.778016,4.921911;
France;France 32;Planétarium de l'Espace des sciences;https://www.google.com/maps?q=48.1051262,-1.6751035;
France;France 33;Planétarium du Jardin des sciences;https://www.google.com/maps?q=48.5832366,7.7638927;
France;France 34;Salle polyvalente;https://www.google.com/maps?q=45.1892391,5.7547359;
France;France 35;Sidérostat;https://www.google.com/maps?q=43.9069043,5.7267184;
France;France 36;Stellarium;https://www.google.com/maps?q=43.5866734,1.4934828;
France;France 37;jardin astronomique;https://www.google.com/maps?q=45.7777831,4.922422;
Germany;Germany 1;Astronomisches Zentrum Gera e. V.;https://www.google.com/maps?q=50.8771748,12.0872785;
Germany;Germany 2;Carl-Zeiss-Planetarium;https://www.google.com/maps?q=48.7834492,9.1869525;
Germany;Germany 3;ESO Supernova Planetarium;https://www.google.com/maps?q=48.2594356,11.6701756;
Germany;Germany 4;Harzplanetarium;https://www.google.com/maps?q=51.8340814,10.7930041;
Germany;Germany 5;Klaus-Tschira-Auditorium;https://www.google.com/maps?q=49.3960916,8.7241322;
Germany;Germany 6;Mediendom;https://www.google.com/maps?q=54.3323777,10.1812416;
Germany;Germany 7;Nicolaus-Copernicus-Planetarium Nürnberg;https://www.google.com/maps?q=49.4479187,11.0628967;
Germany;Germany 8;No-Name;https://www.google.com/maps?q=52.1660509,13.0630181;
Germany;Germany 9;No-Name;https://www.google.com/maps?q=53.1731873,8.6226053;
Germany;Germany 10;No-Name;https://www.google.com/maps?q=50.9833689,11.3177515;
Germany;Germany 11;No-Name;https://www.google.com/maps?q=51.4503589,12.6267668;
Germany;Germany 12;No-Name;https://www.google.com/maps?q=52.4573941,13.3493831;
Germany;Germany 13;No-Name;https://www.google.com/maps?q=50.6025858,10.6981913;
Germany;Germany 14;Olbers-Planetarium;https://www.google.com/maps?q=53.0698072,8.8077538;
Germany;Germany 15;PLANET KA;https://www.google.com/maps?q=49.0039247,8.4304598;
Germany;Germany 16;Planetarium;https://www.google.com/maps?q=49.4772801,8.4929762;
Germany;Germany 17;Planetarium;https://www.google.com/maps?q=52.4170765,10.7816411;
Germany;Germany 18;Planetarium;https://www.google.com/maps?q=53.5973179,10.0089306;
Germany;Germany 19;Planetarium;https://www.google.com/maps?q=51.9494125,7.5914651;
Germany;Germany 20;Planetarium;https://www.google.com/maps?q=50.6801058,12.4651559;
Germany;Germany 21;Planetarium Bad Salzungen;https://www.google.com/maps?q=50.8081323,10.2379765;
Germany;Germany 22;Planetarium Burg;https://www.google.com/maps?q=52.2740458,11.8481274;
Germany;Germany 23;Planetarium Frankfurt Oder;https://www.google.com/maps?q=52.3257689,14.5493373;
Germany;Germany 24;Planetarium Freiburg;https://www.google.com/maps?q=47.9991364,7.843043;
Germany;Germany 25;Planetarium Galileum Solingen;https://www.google.com/maps?q=51.1644408,7.0072799;
Germany;Germany 26;Planetarium Gut Steimke Kulturscheune;https://www.google.com/maps?q=51.6404644,9.6408676;
Germany;Germany 27;Planetarium Halle;https://www.google.com/maps?q=51.4781911,11.9588815;
Germany;Germany 28;Planetarium Hoyerswerda;https://www.google.com/maps?q=51.4311398,14.2714115;
Germany;Germany 29;Planetarium Kassel;https://www.google.com/maps?q=51.3102439,9.5007892;
Germany;Germany 30;Planetarium Lübz;https://www.google.com/maps?q=53.4590061,12.0477359;
Germany;Germany 31;Planetarium Merseburg;https://www.google.com/maps?q=51.3530825,11.9906282;
Germany;Germany 32;Planetarium Osnabrück;https://www.google.com/maps?q=52.2492136,8.0698132;
Germany;Germany 33;Planetarium Sessenbach;https://www.google.com/maps?q=50.4760253,7.6442577;
Germany;Germany 34;Planetarium Wolfsburg;https://www.google.com/maps?q=52.4169763,10.781642;
Germany;Germany 35;Planetarium am Insulaner;https://www.google.com/maps?q=52.4575551,13.3494194;
Germany;Germany 36;Planetarium im Vonderau Museum;https://www.google.com/maps?q=50.5511616,9.6790866;
Germany;Germany 37;Planetarium und Zooschule;https://www.google.com/maps?q=51.7505351,11.4404316;
Germany;Germany 38;Sparkassen-Planetarium Augsburg;https://www.google.com/maps?q=48.370402,10.8945913;
Germany;Germany 39;Urania Planetarium;https://www.google.com/maps?q=52.4026164,13.0620217;
Germany;Germany 40;Zeiss Planetarium Bochum;https://www.google.com/maps?q=51.4854488,7.227711;
Germany;Germany 41;Zeiss-Großplanetarium;https://www.google.com/maps?q=52.5430513,13.4280579;
Germany;Germany 42;Zeiss-Planetarium;https://www.google.com/maps?q=50.9318451,11.5867864;
Germany;Germany 43;eduDome Biber Ferienhof;https://www.google.com/maps?q=53.2065055,12.8622283;
Germany;Germany 44;privates Planetarium;https://www.google.com/maps?q=51.4258831,8.0177548;
Ghana;Ghana 1;The Ghana Planetarium;https://www.google.com/maps?q=5.5755956,-0.1859485;
Ghana;Ghana 2;The Ghana Planetarium;https://www.google.com/maps?q=5.5756103,-0.1859465;
Greece;Greece 1;No-Name;https://www.google.com/maps?q=35.3280798,25.2882506;
Greece;Greece 2;Εθνικό Αστεροσκοπείο Αθηνών;https://www.google.com/maps?q=37.973392,23.7182887;
Greece;Greece 3;ΝΟΗΣΙΣ Κέντρο Διάδοσης Επιστημών και Μουσείο Τεχνολογίας;https://www.google.com/maps?q=40.5621359,22.9955123;
Greece;Greece 4;Νέο Ψηφιακό Πλανητάριο Ιδρύματος Ευγενίδου;https://www.google.com/maps?q=37.9400919,23.6964818;
Greece;Greece 5;Πλανητάριο Θεσσαλονίκης;https://www.google.com/maps?q=40.567015,22.982081;
Guatemala;Guatemala 1;Plan Trifinio;https://www.google.com/maps?q=14.5637389,-89.3365738;
Hungary;Hungary 1;Bükki Csillagda;https://www.google.com/maps?q=48.0558609,20.5205935;
Hungary;Hungary 2;Carl Sagan Amatőr Magán Csillagvizsgáló;https://www.google.com/maps?q=46.2191837,19.3661636;
Hungary;Hungary 3;Kecskeméti Planetárium;https://www.google.com/maps?q=46.9145575,19.6732089;
Hungary;Hungary 4;NYCSE csillagvizsgáló;https://www.google.com/maps?q=47.9733603,21.7138083;
Hungary;Hungary 5;No-Name;https://www.google.com/maps?q=47.4744516,19.0621154;
Hungary;Hungary 6;No-Name;https://www.google.com/maps?q=47.4769313,19.1017943;
Hungary;Hungary 7;No-Name;https://www.google.com/maps?q=46.2366158,17.7652363;
Hungary;Hungary 8;TIT Budapesti Planetárium;https://www.google.com/maps?q=47.4769058,19.1018906;
Hungary;Hungary 9;Uránia Bemutató Csillagvizsgáló;https://www.google.com/maps?q=46.3406021,17.7628551;
India;India 1;Ambica Nilayam;https://www.google.com/maps?q=17.5445015,78.4359286;
India;India 2;Birla Planetarium;https://www.google.com/maps?q=13.0119591,80.2440161;
India;India 3;Birla Planetarium;https://www.google.com/maps?q=22.5455228,88.3473179;
India;India 4;Calicut Planetarium;https://www.google.com/maps?q=11.2632493,75.785575;
India;India 5;Darbhanga Planetarium;https://www.google.com/maps?q=26.1718947,85.894216;
India;India 6;District Science Centre and Planetarium Rayagada;https://www.google.com/maps?q=19.220788,83.4203043;
India;India 7;Dr APJ Abdul Kalam Planetarium;https://www.google.com/maps?q=22.0650616,82.1444486;
India;India 8;Dr. Abdul Kalam Science Center & Planetarium;https://www.google.com/maps?q=11.9515226,79.8080023;
India;India 9;Dr. TMA Pai Planetarium;https://www.google.com/maps?q=13.3457037,74.7887673;
India;India 10;Guwahati Planetarium;https://www.google.com/maps?q=26.1914795,91.7519783;
India;India 11;Jawahar Planetarium;https://www.google.com/maps?q=25.4588372,81.8603473;
India;India 12;Jawaharlal Nehru Planetarium;https://www.google.com/maps?q=12.9845695,77.5901037;
India;India 13;Johrat Science Center and Planetarium;https://www.google.com/maps?q=26.7560654,94.2103865;
India;India 14;Kalpana chawala Planetrium;https://www.google.com/maps?q=29.9621631,76.7903026;
India;India 15;Kaman chowrasta;https://www.google.com/maps?q=18.4280141,79.1352541;
India;India 16;Kusumbai Motichand Planetarium;https://www.google.com/maps?q=18.5107563,73.8448023;
India;India 17;Meghnad Saha Planetarium;https://www.google.com/maps?q=23.2553555,87.8504249;
India;India 18;Moothedath Farms & Plantations Private Limited;https://www.google.com/maps?q=10.6359719,76.0809185;
India;India 19;Nehru Planetarium;https://www.google.com/maps?q=28.603871,77.1981076;
India;India 20;No-Name;https://www.google.com/maps?q=23.4229711,88.3900969;
India;India 21;No-Name;https://www.google.com/maps?q=17.4204961,78.656098;
India;India 22;No-Name;https://www.google.com/maps?q=8.8844658,76.8769519;
India;India 23;No-Name;https://www.google.com/maps?q=21.9178984,86.7745852;
India;India 24;No-Name;https://www.google.com/maps?q=14.8172524,74.1272754;
India;India 25;Pathani Samanta Planetarium;https://www.google.com/maps?q=20.2981328,85.832264;
India;India 26;Planetarium;https://www.google.com/maps?q=17.3334921,76.8315552;
India;India 27;Regional Science Centre And Planetarium, Calicut;https://www.google.com/maps?q=11.2632716,75.7855855;
India;India 28;Sardar Patel Planetarium;https://www.google.com/maps?q=22.3093796,73.1893806;
India;India 29;Science Park and Planetarium;https://www.google.com/maps?q=11.0258651,75.8894349;
India;India 30;Space Planetarium;https://www.google.com/maps?q=14.1598511,77.8130763;
India;India 31;Taramandal;https://www.google.com/maps?q=26.7275476,83.3881223;
India ;India  1;No-Name;https://www.google.com/maps?q=14.8168485,74.1273089;
Indien;Indien 1;Nehru Planetarium;https://www.google.com/maps?q=18.9906843,72.8186139;
Indien;Indien 2;Planetarium;https://www.google.com/maps?q=8.5447,76.904547;
Indien;Indien 3;Priyadarsini Planetarium;https://www.google.com/maps?q=8.5097082,76.9465771;
Indonesia;Indonesia 1;Planetarium Jagat Raya;https://www.google.com/maps?q=-0.4119322,116.9904571;
Indonesia;Indonesia 2;Planetarium Jakarta;https://www.google.com/maps?q=-6.1901752,106.8391572;
Iran;Iran 1;آسمان نما;https://www.google.com/maps?q=35.7915538,50.9999981;
Iran;Iran 2;آسمان نمای اصفهان;https://www.google.com/maps?q=32.625445,51.6757722;
Iran;Iran 3;آسمان نمای تهران;https://www.google.com/maps?q=35.7275958,51.4501577;
Iran;Iran 4;آسمان نمای گنبد مینا;https://www.google.com/maps?q=35.7500321,51.418263;
Iran;Iran 5;آسمان‌نما;https://www.google.com/maps?q=34.7860469,48.5337197;
Iran;Iran 6;آسمان‌نما;https://www.google.com/maps?q=34.7858293,48.5338531;
Iran;Iran 7;افلاک نمای خیام;https://www.google.com/maps?q=36.168845,58.8212131;
Iran;Iran 8;برج امیر;https://www.google.com/maps?q=35.7259381,51.3887135;
Iran;Iran 9;سالن آزادی;https://www.google.com/maps?q=37.4731786,57.3371705;
Iran;Iran 10;شکرستان سیمرغ;https://www.google.com/maps?q=35.6710987,51.4942414;
Iran;Iran 11;مرکز علمی نجوم آسمان نما;https://www.google.com/maps?q=35.8241454,51.0094346;
Iran;Iran 12;مرکز علوم و ستاره شناسی تهران;https://www.google.com/maps?q=35.8102406,51.4523075;
Iran;Iran 13;مرکز نجوم شناسی;https://www.google.com/maps?q=35.570278,53.3690753;
Iran;Iran 14;پلانتاریوم - افلاک نمای دانشگاه تبریز;https://www.google.com/maps?q=38.0517705,46.3270094;
Iraq;Iraq 1;No-Name;https://www.google.com/maps?q=30.5707832,47.7608427;
Israel;Israel 1;Planetanya;https://www.google.com/maps?q=32.3109015,34.848039;
Israel;Israel 2;פלנטריום ע״ש לסקי;https://www.google.com/maps?q=32.1023938,34.7939174;
Italien;Italien 1;Osservatorio Astronomico di Punta Falcone;https://www.google.com/maps?q=42.9328529,10.4981443;
Italien;Italien 2;Planetario;https://www.google.com/maps?q=38.1193804,15.6602033;
Italy;Italy 1;Centro Astronomico Giuliano Vanin;https://www.google.com/maps?q=46.0729069,11.9273382;
Italy;Italy 2;Civico Planetario Ulrico Hoepli;https://www.google.com/maps?q=45.4737487,9.2036271;
Italy;Italy 3;Cosmo Academy Planetarium;https://www.google.com/maps?q=41.7646868,12.9624438;
Italy;Italy 4;Elilu;https://www.google.com/maps?q=44.9457963,8.8970039;
Italy;Italy 5;GAL Hassin;https://www.google.com/maps?q=37.9397467,14.0206991;
Italy;Italy 6;Ignazio Danti;https://www.google.com/maps?q=43.0942814,12.4132373;
Italy;Italy 7;Il Planetario de L'Unione Sarda;https://www.google.com/maps?q=39.2269014,9.0981991;
Italy;Italy 8;"Museo Planetario ""Padre Ruggero""";https://www.google.com/maps?q=45.4785822,12.2261381;
Italy;Italy 9;No-Name;https://www.google.com/maps?q=40.5762834,8.7261699;
Italy;Italy 10;No-Name;https://www.google.com/maps?q=45.915864,13.5258283;
Italy;Italy 11;No-Name;https://www.google.com/maps?q=37.9394456,14.0205431;
Italy;Italy 12;No-Name;https://www.google.com/maps?q=37.939493,14.0212128;
Italy;Italy 13;No-Name;https://www.google.com/maps?q=37.9398451,14.0212201;
Italy;Italy 14;No-Name;https://www.google.com/maps?q=40.8632049,14.2562294;
Italy;Italy 15;No-Name;https://www.google.com/maps?q=39.2969141,16.262414;
Italy;Italy 16;No-Name;https://www.google.com/maps?q=40.168204,9.1764644;
Italy;Italy 17;No-Name;https://www.google.com/maps?q=41.2913024,13.2435099;
Italy;Italy 18;No-Name;https://www.google.com/maps?q=45.885062,9.2303335;
Italy;Italy 19;No-Name;https://www.google.com/maps?q=41.2913145,13.243544;
Italy;Italy 20;No-Name;https://www.google.com/maps?q=43.5293755,10.307102;
Italy;Italy 21;No-Name;https://www.google.com/maps?q=43.5469905,10.3046689;
Italy;Italy 22;No-Name;https://www.google.com/maps?q=43.535849,10.3129037;
Italy;Italy 23;Osservatorio Astronomico Val di Fiemme;https://www.google.com/maps?q=46.2983871,11.4982883;
Italy;Italy 24;Osservatorio Astronomico del Righi;https://www.google.com/maps?q=44.425465,8.9359803;
Italy;Italy 25;Planetario;https://www.google.com/maps?q=44.6360844,11.1826969;
Italy;Italy 26;Planetario;https://www.google.com/maps?q=40.8050371,14.1745558;
Italy;Italy 27;Planetario;https://www.google.com/maps?q=37.6915355,15.1070361;
Italy;Italy 28;Planetario;https://www.google.com/maps?q=45.6313947,8.7062098;
Italy;Italy 29;Planetario;https://www.google.com/maps?q=44.2566899,11.3321699;
Italy;Italy 30;Planetario;https://www.google.com/maps?q=41.8461153,12.9492699;
Italy;Italy 31;Planetario Di Montedoro;https://www.google.com/maps?q=37.463259,13.8232369;
Italy;Italy 32;Planetario Giuseppe Occhialini;https://www.google.com/maps?q=43.756009,12.8902918;
Italy;Italy 33;Planetario InfiniTo;https://www.google.com/maps?q=45.0395663,7.7619183;
Italy;Italy 34;Planetario Torrazzo;https://www.google.com/maps?q=45.1337263,10.0251136;
Italy;Italy 35;Planetario città di Lecco;https://www.google.com/maps?q=45.8596226,9.3981021;
Italy;Italy 36;Planetario del Collegio Pio X;https://www.google.com/maps?q=45.6673584,12.2365251;
Italy;Italy 37;Planetario del Parco Nazionale delle Foreste Casentinesi;https://www.google.com/maps?q=43.801128,11.7104503;
Italy;Italy 38;Planetario di Bari Sky Skan;https://www.google.com/maps?q=41.1370506,16.8380999;
Italy;Italy 39;Planetario di Caserta;https://www.google.com/maps?q=41.0699474,14.354477;
Italy;Italy 40;Planetario di Experimenta;https://www.google.com/maps?q=44.4007684,7.5328054;
Italy;Italy 41;Planetario di Lignan;https://www.google.com/maps?q=45.7878276,7.4778257;
Italy;Italy 42;Planetario di Padova;https://www.google.com/maps?q=45.404592,11.8941041;
Italy;Italy 43;Planetario di Roma;https://www.google.com/maps?q=41.8306963,12.4773546;
Italy;Italy 44;Planetario di Venezia Lido;https://www.google.com/maps?q=45.4167436,12.3765277;
Italy;Italy 45;Planetarium Südtirol - Alto Adige;https://www.google.com/maps?q=46.4386743,11.4753424;
Italy;Italy 46;Planetarium Südtirol - Alto Adige;https://www.google.com/maps?q=46.4386862,11.4754102;
Italy;Italy 47;Polo Astronomico Don Capace;https://www.google.com/maps?q=45.410127,7.578894;
Japan;Japan 1;No-Name;https://www.google.com/maps?q=34.9437352,135.6977648;
Japan;Japan 2;No-Name;https://www.google.com/maps?q=35.3355183,136.6644975;
Japan;Japan 3;No-Name;https://www.google.com/maps?q=36.0864034,140.1100299;
Japan;Japan 4;No-Name;https://www.google.com/maps?q=35.5120436,137.8302995;
Japan;Japan 5;No-Name;https://www.google.com/maps?q=39.2924229,140.5458227;
Japan;Japan 6;No-Name;https://www.google.com/maps?q=38.2569499,140.7556583;
Japan;Japan 7;No-Name;https://www.google.com/maps?q=35.6656287,139.7460076;
Japan;Japan 8;No-Name;https://www.google.com/maps?q=37.3416976,140.6761082;
Japan;Japan 9;No-Name;https://www.google.com/maps?q=35.000195,134.9987863;
Japan;Japan 10;No-Name;https://www.google.com/maps?q=35.2015722,140.0675943;
Japan;Japan 11;No-Name;https://www.google.com/maps?q=36.4369247,140.0163963;
Japan;Japan 12;No-Name;https://www.google.com/maps?q=33.5608596,133.5369532;
Japan;Japan 13;No-Name;https://www.google.com/maps?q=36.2356327,139.0682049;
Japan;Japan 14;No-Name;https://www.google.com/maps?q=35.3355155,136.6644988;
Japan;Japan 15;No-Name;https://www.google.com/maps?q=34.3986276,132.4537512;
Japan;Japan 16;No-Name;https://www.google.com/maps?q=35.3982287,139.4694985;
Japan;Japan 17;No-Name;https://www.google.com/maps?q=35.6379927,139.6444614;
Japan;Japan 18;No-Name;https://www.google.com/maps?q=33.9099346,133.2439531;
Japan;Japan 19;No-Name;https://www.google.com/maps?q=38.5654433,140.9461742;
Japan;Japan 20;No-Name;https://www.google.com/maps?q=33.4773252,133.00459;
Japan;Japan 21;No-Name;https://www.google.com/maps?q=35.8054078,140.1195953;
Japan;Japan 22;No-Name;https://www.google.com/maps?q=34.8938239,134.0023203;
Japan;Japan 23;Takikawa Natural History Museum;https://www.google.com/maps?q=43.5523807,141.9147665;
Japan;Japan 24;うべプラネタリウム (うべPlanetarium);https://www.google.com/maps?q=33.9479479,131.2522671;
Japan;Japan 25;かわさき宙と緑の科学館 (かわさき宙と緑の科学Hall);https://www.google.com/maps?q=35.608548,139.5614207;
Japan;Japan 26;きたしんプラネタリウム (きたしんPlanetarium);https://www.google.com/maps?q=34.8157615,135.5692354;
Japan;Japan 27;さいたま市宇宙劇場;https://www.google.com/maps?q=35.9078062,139.621505;
Japan;Japan 28;まるちたいけんドーム;https://www.google.com/maps?q=35.7797321,139.7903131;
Japan;Japan 29;コニカミノルタプラネタリアYOKOHAMA;https://www.google.com/maps?q=35.4621668,139.6245338;
Japan;Japan 30;ジオスペース館 (ジオスペースHall);https://www.google.com/maps?q=34.8272537,137.3733272;
Japan;Japan 31;セーレンプラネット(ハピリン5F);https://www.google.com/maps?q=36.0613186,136.2217174;
Japan;Japan 32;チェインバー・オブ・プラネット;https://www.google.com/maps?q=35.6257879,139.8852393;
Japan;Japan 33;テルサバーチャルトリップ;https://www.google.com/maps?q=35.4640814,133.0618623;
Japan;Japan 34;ナオコスペースプラネタリウム (ナオコスペースPlanetarium);https://www.google.com/maps?q=35.7809118,139.9000929;
Japan;Japan 35;パークアルカディアプラネタリウム館 (パークアルカディアPlanetariumHall);https://www.google.com/maps?q=36.6297505,140.382136;
Japan;Japan 36;プラネタリウム (Planetarium);https://www.google.com/maps?q=35.3250255,136.8455371;
Japan;Japan 37;メガスター・ツー・エイ;https://www.google.com/maps?q=35.3769882,139.5951192;
Japan;Japan 38;千の夢きらめく堺星空館 (千の夢きらめく堺星空Hall);https://www.google.com/maps?q=34.5339921,135.4922328;
Japan;Japan 39;大津市生涯学習センター(プラネタリウム・科学館・視聴覚室ほか) (大津市生涯学習センター(Planetarium・科学Hall・視聴覚室ほか));https://www.google.com/maps?q=34.9938908,135.8938032;
Japan;Japan 40;天空劇場;https://www.google.com/maps?q=36.590245,140.6595153;
Japan;Japan 41;津島市児童科学館(プラネタリウム) (津島市児童科学Hall(Planetarium));https://www.google.com/maps?q=35.1661839,136.7529652;
Japan;Japan 42;牧志駅前ほしぞら公民館 (牧志駅前ほしぞら公民Hall);https://www.google.com/maps?q=26.2174195,127.6937734;
Japan;Japan 43;珈琲屋らんぷ;https://www.google.com/maps?q=35.2131178,136.8361558;
Japan;Japan 44;福岡市科学館 ドームシアター (福岡市科学Hall ドームシアター);https://www.google.com/maps?q=33.5774507,130.3779857;
Japan;Japan 45;箱根の里プラネタリウム (箱根の里Planetarium);https://www.google.com/maps?q=35.1628746,138.9828966;
Japan;Japan 46;能代市子ども科学館 (能代市子ども科学Hall);https://www.google.com/maps?q=40.2164058,140.0249175;
Japan;Japan 47;船橋市プラネタリウム館 (船橋市PlanetariumHall);https://www.google.com/maps?q=35.7077701,140.0052329;
Kazakhstan;Kazakhstan 1;Актюбинский областной планетарий (Актюбинский областной Planetarium);https://www.google.com/maps?q=50.2884559,57.2232715;
Kazakhstan;Kazakhstan 2;Планетарий;https://www.google.com/maps?q=50.2972452,57.1904003;
Kyrgyzstan;Kyrgyzstan 1;No-Name;https://www.google.com/maps?q=41.9260092,74.516664;
Latvia;Latvia 1;Ventspils planetārijs un observatorija;https://www.google.com/maps?q=57.3955995,21.5632065;
Lesotho;Lesotho 1;No-Name;https://www.google.com/maps?q=-29.6426285,27.673389;
Lesotho;Lesotho 2;No-Name;https://www.google.com/maps?q=-29.6445754,27.6714009;
Lesotho;Lesotho 3;No-Name;https://www.google.com/maps?q=-29.6441549,27.6680957;
Libya;Libya 1;No-Name;https://www.google.com/maps?q=30.4299019,13.3064548;
Libya;Libya 2;No-Name;https://www.google.com/maps?q=32.8756652,13.1674423;
Libyen;Libyen 1;No-Name;https://www.google.com/maps?q=32.8999108,13.2180092;
Malaysia;Malaysia 1;Planetarium Negara;https://www.google.com/maps?q=3.139486,101.6893032;
Malaysia;Malaysia 2;Pusat Angkasa Negara;https://www.google.com/maps?q=2.7871388,101.5068751;
Malta;Malta 1;Esplora;https://www.google.com/maps?q=35.891962,14.5240102;
Mexico;Mexico 1;Ka´Yok´ Planetario;https://www.google.com/maps?q=21.1529145,-86.8331387;
Mexico;Mexico 2;No-Name;https://www.google.com/maps?q=25.6755142,-100.2325416;
Mexico;Mexico 3;No-Name;https://www.google.com/maps?q=16.2237448,-92.1300509;
Mexico;Mexico 4;No-Name;https://www.google.com/maps?q=19.2942604,-99.6552536;
Mexico;Mexico 5;No-Name;https://www.google.com/maps?q=19.2945231,-99.6552206;
Mexico;Mexico 6;Planetario;https://www.google.com/maps?q=18.9188628,-99.2264126;
Mexico;Mexico 7;Planetario;https://www.google.com/maps?q=19.518814,-96.8939999;
Mexico;Mexico 8;"Planetario ""Lic. Felipe Rivera""";https://www.google.com/maps?q=19.6848649,-101.1832879;
Mexico;Mexico 9;"Planetario ""Luis Enrique Erro""";https://www.google.com/maps?q=19.4968363,-99.1398491;
Mexico;Mexico 10;Planetario Arcadio Poveda Ricalde;https://www.google.com/maps?q=20.9674628,-89.6247688;
Mexico;Mexico 11;Planetario Arcadio Poveda Ricalde;https://www.google.com/maps?q=20.9675055,-89.6248096;
Mexico;Mexico 12;"Planetario Chetumal ""Yook'ol Kaab""";https://www.google.com/maps?q=18.5200017,-88.3024804;
Mexico;Mexico 13;Planetario Colegio de Bachilleres;https://www.google.com/maps?q=14.8829054,-92.2959868;
Mexico;Mexico 14;Planetario Digital;https://www.google.com/maps?q=19.3141867,-103.7602199;
Mexico;Mexico 15;Planetario Digital Chimalhuacán;https://www.google.com/maps?q=19.4082143,-98.9613287;
Mexico;Mexico 16;Planetario El Gran Ehécatl;https://www.google.com/maps?q=19.5953738,-99.054086;
Mexico;Mexico 17;Planetario Guadalajara;https://www.google.com/maps?q=20.6949323,-103.3453646;
Mexico;Mexico 18;Planetario Monterreysillo;https://www.google.com/maps?q=25.4856218,-103.6235146;
Mexico;Mexico 19;Planetario Monterreysillo;https://www.google.com/maps?q=25.4853409,-103.6237617;
Mexico;Mexico 20;Planetario Nundehui;https://www.google.com/maps?q=17.070475,-96.7328641;
Mexico;Mexico 21;Planetario Orizaba;https://www.google.com/maps?q=18.8566278,-97.0859289;
Mexico;Mexico 22;Planetario Tabasco 2000;https://www.google.com/maps?q=17.9996097,-92.9457292;
Mexico;Mexico 23;Planetario de Ciudad Victoria;https://www.google.com/maps?q=23.7258201,-99.1248619;
Mexico;Mexico 24;Planetario y Observatorio Dra. Silvia Torres Castilleja;https://www.google.com/maps?q=21.8550218,-102.2887707;
Mexico;Mexico 25;Planetario, Observatorio;https://www.google.com/maps?q=22.131257,-101.0022581;
Mexico;Mexico 26;Planetarium Torreon;https://www.google.com/maps?q=25.5504296,-103.3904981;
Nepal;Nepal 1;No-Name;https://www.google.com/maps?q=27.6888141,85.334184;
Netherlands;Netherlands 1;Achterhoeks Planetarium;https://www.google.com/maps?q=52.0455433,6.2406552;
Netherlands;Netherlands 2;Koninklijk Eise Eisinga Planetarium;https://www.google.com/maps?q=53.1874744,5.5437184;
Netherlands;Netherlands 3;No-Name;https://www.google.com/maps?q=51.8506466,4.5943934;
Netherlands;Netherlands 4;Sterrenwacht Halley;https://www.google.com/maps?q=51.7033703,5.4874138;
New Zealand;New Zealand 1;Dark Sky Project;https://www.google.com/maps?q=-44.0033871,170.4773905;
New Zealand;New Zealand 2;Holt Planetarium;https://www.google.com/maps?q=-39.5138185,176.9137331;
New Zealand;New Zealand 3;No-Name;https://www.google.com/maps?q=-43.7327474,170.0929338;
New Zealand;New Zealand 4;No-Name;https://www.google.com/maps?q=-41.284391,174.7671942;
New Zealand;New Zealand 5;No-Name;https://www.google.com/maps?q=-38.1125555,176.2125309;
New Zealand;New Zealand 6;Planetarium North;https://www.google.com/maps?q=-35.7414471,174.2684374;
Norway;Norway 1;Nordlysplanetariet;https://www.google.com/maps?q=69.6791205,18.9716925;
Pakistan;Pakistan 1;M.Z Plastic Center;https://www.google.com/maps?q=24.8594318,67.0159736;
Pakistan;Pakistan 2;Peshawar Planeterium;https://www.google.com/maps?q=33.9695423,71.4382337;
Pakistan;Pakistan 3;Saify Burhani Plastic - Poly Bags;https://www.google.com/maps?q=24.8765422,67.0212385;
Palestine;Palestine 1;כוכביא;https://www.google.com/maps?q=31.8254934,35.2569033;
Paraguay;Paraguay 1;Centro de Interpretación Astronómica;https://www.google.com/maps?q=-27.3150179,-56.3303785;
Paraguay;Paraguay 2;Planetario;https://www.google.com/maps?q=-27.314887,-56.3301761;
Paraguay;Paraguay 3;Polo Astronômico Casimiro Montenegro Filho;https://www.google.com/maps?q=-25.4348439,-54.5936607;
Paraguay;Paraguay 4;San Cosmos | Un Planetario MuCi;https://www.google.com/maps?q=-25.2809151,-57.6090799;
Peru;Peru 1;Museo Planetario José Castro Mendívil;https://www.google.com/maps?q=-12.1692514,-77.0334609;
Peru;Peru 2;No-Name;https://www.google.com/maps?q=-17.903831,-70.1573324;
Peru;Peru 3;Planetario Cañete;https://www.google.com/maps?q=-13.265142,-76.281126;
Peru;Peru 4;Planetario Nacional Mutsumi Ishitsuka;https://www.google.com/maps?q=-12.0550895,-76.9445314;
Peru;Peru 5;Planetario de la Universidad Santo Domingo de Guzmán;https://www.google.com/maps?q=-11.911811,-76.9788753;
Peru;Peru 6;Planetarium Cusco;https://www.google.com/maps?q=-13.5067411,-71.9860092;
Peru;Peru 7;Planetarium Cusco;https://www.google.com/maps?q=-13.5065386,-71.9863499;
Peru;Peru 8;Planetarium Cusco;https://www.google.com/maps?q=-13.5067716,-71.9859062;
Peru;Peru 9;Planetarium María Reiche;https://www.google.com/maps?q=-14.8280179,-74.9406325;
Philippines;Philippines 1;Mayon Planetarium;https://www.google.com/maps?q=13.2841943,123.6719394;
Philippines;Philippines 2;PAGASA Planetarium;https://www.google.com/maps?q=14.6446527,121.0432329;
Philippines;Philippines 3;Planetarium DOST-Pagasa;https://www.google.com/maps?q=8.5360913,124.557863;
Poland;Poland 1;Centrum Popularyzacji Kosmosu „Planetarium – Toruń”;https://www.google.com/maps?q=53.0114097,18.6026654;
Poland;Poland 2;Planetarium;https://www.google.com/maps?q=49.9997447,19.4058604;
Poland;Poland 3;Planetarium;https://www.google.com/maps?q=50.0686666,19.9962699;
Poland;Poland 4;Planetarium EC1;https://www.google.com/maps?q=51.7681501,19.4699213;
Poland;Poland 5;Planetarium Niebo Kopernika;https://www.google.com/maps?q=52.242,21.0294133;
Poland;Poland 6;Planetarium Pomorska;https://www.google.com/maps?q=51.7781042,19.4584092;
Poland;Poland 7;Planetarium Śląskie;https://www.google.com/maps?q=50.290735,18.9927237;
Portugal;Portugal 1;Casa da Ciência de Braga;https://www.google.com/maps?q=41.5649005,-8.3935914;
Portugal;Portugal 2;Igreja Matriz de Figueira - Santa Marinha;https://www.google.com/maps?q=41.1123781,-8.3465993;
Portugal;Portugal 3;No-Name;https://www.google.com/maps?q=40.6395605,-8.0199317;
Portugal;Portugal 4;No-Name;https://www.google.com/maps?q=37.8142448,-25.5686461;
Portugal;Portugal 5;No-Name;https://www.google.com/maps?q=32.7484584,22.669579;
Portugal;Portugal 6;Planetário da Universidade de Coimbra;https://www.google.com/maps?q=40.2006015,-8.4455953;
Portugal;Portugal 7;Planetário de Espinho;https://www.google.com/maps?q=41.0062487,-8.6387229;
Portugal;Portugal 8;Planetário de Marinha;https://www.google.com/maps?q=38.6981261,-9.2089226;
Portugal;Portugal 9;Planetário do Porto;https://www.google.com/maps?q=41.150769,-8.6384728;
Puerto Rico;Puerto Rico 1;Planetario;https://www.google.com/maps?q=18.4096572,-66.1602401;
Puerto Rico;Puerto Rico 2;Planetario RUM;https://www.google.com/maps?q=18.2108597,-67.138917;
Qatar;Qatar 1;Star Mosque;https://www.google.com/maps?q=24.9894458,51.5426142;
Qatar ;Qatar  1;No-Name;https://www.google.com/maps?q=24.9932442,51.5453898;
Republic of Serbia;Republic of Serbia 1;Београдски планетаријум;https://www.google.com/maps?q=44.8252383,20.4496655;
Reunion;Reunion 1;Planétarium III Parque;https://www.google.com/maps?q=-21.1987182,55.4097334;
Romania;Romania 1;No-Name;https://www.google.com/maps?q=46.2977347,25.2906602;
Romania;Romania 2;Planetariul;https://www.google.com/maps?q=47.6417909,26.2454093;
Romania;Romania 3;Planetariul;https://www.google.com/maps?q=44.2069582,28.6429703;
Romania;Romania 4;Planetariul Baia Mare;https://www.google.com/maps?q=47.6578006,23.5637581;
Romania;Romania 5;Uzina electrică și observatorul astronomic;https://www.google.com/maps?q=44.8677581,24.9272627;
Russia;Russia 1;121 здание;https://www.google.com/maps?q=58.44245,92.2728599;
Russia;Russia 2;152 здание;https://www.google.com/maps?q=58.4377362,92.2746051;
Russia;Russia 3;153 здание;https://www.google.com/maps?q=58.4430971,92.2786688;
Russia;Russia 4;No-Name;https://www.google.com/maps?q=54.8530547,38.2512402;
Russia;Russia 5;No-Name;https://www.google.com/maps?q=55.5694834,42.0557761;
Russia;Russia 6;No-Name;https://www.google.com/maps?q=56.2306411,51.0689761;
Russia;Russia 7;No-Name;https://www.google.com/maps?q=58.4462626,92.2679569;
Russia;Russia 8;No-Name;https://www.google.com/maps?q=58.4464859,92.2636009;
Russia;Russia 9;No-Name;https://www.google.com/maps?q=58.445244,92.2734913;
Russia;Russia 10;No-Name;https://www.google.com/maps?q=58.4439591,92.2765474;
Russia;Russia 11;No-Name;https://www.google.com/maps?q=58.4486249,92.2667437;
Russia;Russia 12;No-Name;https://www.google.com/maps?q=58.4446592,92.2657516;
Russia;Russia 13;No-Name;https://www.google.com/maps?q=47.2303694,39.7476768;
Russia;Russia 14;No-Name;https://www.google.com/maps?q=54.7865383,32.0474861;
Russia;Russia 15;No-Name;https://www.google.com/maps?q=47.0551959,142.0519737;
Russia;Russia 16;No-Name;https://www.google.com/maps?q=44.6262206,39.100629;
Russia;Russia 17;No-Name;https://www.google.com/maps?q=64.5327648,40.5203052;
Russia;Russia 18;No-Name;https://www.google.com/maps?q=55.7817587,37.6198179;
Russia;Russia 19;No-Name;https://www.google.com/maps?q=44.5017567,34.1900959;
Russia;Russia 20;No-Name;https://www.google.com/maps?q=56.7236005,44.3405281;
Russia;Russia 21;No-Name;https://www.google.com/maps?q=44.6104247,40.459897;
Russia;Russia 22;Большой Новосибирский Планетарий;https://www.google.com/maps?q=54.9803308,83.0346589;
Russia;Russia 23;Волгоградский планетарий (Волгоградский Planetarium);https://www.google.com/maps?q=48.7144067,44.5245259;
Russia;Russia 24;ДЮЦ Большой Новосибирский Планетарий;https://www.google.com/maps?q=54.9808508,83.0351773;
Russia;Russia 25;Иркутский планетарий (Иркутский Planetarium);https://www.google.com/maps?q=52.2738783,104.2897686;
Russia;Russia 26;Костромской областной планетарий (Костромской областной Planetarium);https://www.google.com/maps?q=57.7631392,40.9335384;
Russia;Russia 27;Костромской областной планетарий (Костромской областной Planetarium);https://www.google.com/maps?q=57.7632021,40.9334096;
Russia;Russia 28;Маяковский планетарий (Маяковский Planetarium);https://www.google.com/maps?q=44.5785885,40.0724408;
Russia;Russia 29;Московский Планетарий;https://www.google.com/maps?q=55.7612952,37.5841786;
Russia;Russia 30;Омский планетарий (Омский Planetarium);https://www.google.com/maps?q=54.9841065,73.3727702;
Russia;Russia 31;Пермский Планетарий;https://www.google.com/maps?q=58.0193096,56.2715266;
Russia;Russia 32;Планетарий;https://www.google.com/maps?q=51.5255448,46.0401695;
Russia;Russia 33;Планетарий;https://www.google.com/maps?q=57.6212335,39.8698742;
Russia;Russia 34;Планетарий;https://www.google.com/maps?q=51.5263238,85.9409807;
Russia;Russia 35;Планетарий;https://www.google.com/maps?q=56.3185415,43.9548802;
Russia;Russia 36;Планетарий;https://www.google.com/maps?q=53.3353377,83.789331;
Russia;Russia 37;Планетарий;https://www.google.com/maps?q=54.7740561,56.0232046;
Russia;Russia 38;Планетарий;https://www.google.com/maps?q=57.6210803,39.8700315;
Russia;Russia 39;Планетарий;https://www.google.com/maps?q=45.0079394,39.0575364;
Russia;Russia 40;Планетарий;https://www.google.com/maps?q=53.2457417,39.1293498;
Russia;Russia 41;Планетарий;https://www.google.com/maps?q=46.3464315,48.0225832;
Russia;Russia 42;Планетарий;https://www.google.com/maps?q=43.1581936,44.144942;
Russia;Russia 43;Планетарий;https://www.google.com/maps?q=53.1870724,45.0019647;
Russia;Russia 44;Планетарий;https://www.google.com/maps?q=55.1997763,83.0886278;
Russia;Russia 45;Планетарий;https://www.google.com/maps?q=56.1486228,47.2091171;
Russia;Russia 46;Планетарий;https://www.google.com/maps?q=56.1486239,47.2091177;
Russia;Russia 47;Планетарий;https://www.google.com/maps?q=57.8096479,28.3385894;
Russia;Russia 48;Планетарий;https://www.google.com/maps?q=56.2817791,43.9779321;
Russia;Russia 49;Планетарий 1;https://www.google.com/maps?q=59.9116843,30.3310735;
Russia;Russia 50;Планетарий КФУ;https://www.google.com/maps?q=55.8411294,48.8134067;
Russia;Russia 51;Планетарий им. Ю.А. Гагарина;https://www.google.com/maps?q=44.7164535,37.7785674;
Russia;Russia 52;Планетарий музея Космонавтики;https://www.google.com/maps?q=54.5168075,36.2305526;
Russia;Russia 53;Санкт-Петербургский планетарий (Санкт-Петербургский Planetarium);https://www.google.com/maps?q=59.9553634,30.3113951;
Saudi Arabia;Saudi Arabia 1;مرصد تمير للأهلة;https://www.google.com/maps?q=25.7244648,45.8356632;
Schweden;Schweden 1;Domteatern;https://www.google.com/maps?q=63.8206818,20.2781305;
Schweden;Schweden 2;Umevatoriet;https://www.google.com/maps?q=63.8366145,20.2626323;
Slovakia;Slovakia 1;Hvezdáreň Medzev;https://www.google.com/maps?q=48.7010909,20.8893018;
Slovakia;Slovakia 2;Krajská hvezdáreň a planetárium Maximiliána Hella;https://www.google.com/maps?q=48.5861799,18.8513531;
Slovakia;Slovakia 3;Krajská hvezdáreň a planetárium v Prešove;https://www.google.com/maps?q=48.9996472,21.2563076;
Slovakia;Slovakia 4;Kysucká hvezdáreň;https://www.google.com/maps?q=49.3074221,18.7653604;
Slovakia;Slovakia 5;Planetárium;https://www.google.com/maps?q=48.9351032,22.2742397;
Slovakia;Slovakia 6;Planetárium a hvezdáreň;https://www.google.com/maps?q=48.7053765,21.2291733;
Slovakia;Slovakia 7;Planetárium v Hlohovci;https://www.google.com/maps?q=48.4198148,17.7972851;
Slovakia;Slovakia 8;Slovenská ústredná hvezdáreň;https://www.google.com/maps?q=47.8734317,18.1913153;
Slovenia;Slovenia 1;No-Name;https://www.google.com/maps?q=46.7366443,16.2459012;
South Africa;South Africa 1;Iziko Planetarium and Digital Dome;https://www.google.com/maps?q=-33.9285048,18.4149686;
South Africa;South Africa 2;Johannesburg Planetarium;https://www.google.com/maps?q=-26.1884666,28.0283626;
South Africa;South Africa 3;Naval Hill Planetarium;https://www.google.com/maps?q=-29.0966612,26.236183;
South Africa;South Africa 4;Sutherland Planetarium;https://www.google.com/maps?q=-32.3938755,20.6614969;
South Africa;South Africa 5;Sutherland Planetarium;https://www.google.com/maps?q=-32.39387,20.6614937;
South Africa;South Africa 6;Sutherland Planetarium;https://www.google.com/maps?q=-32.3939506,20.6614597;
South Korea;South Korea 1;No-Name;https://www.google.com/maps?q=36.0467306,129.3535339;
South Korea;South Korea 2;No-Name;https://www.google.com/maps?q=37.6859302,126.7829785;
South Korea;South Korea 3;No-Name;https://www.google.com/maps?q=35.155335,129.1000236;
South Korea;South Korea 4;No-Name;https://www.google.com/maps?q=37.7469888,127.0769467;
South Korea;South Korea 5;김해천문대;https://www.google.com/maps?q=35.253165,128.8874821;
South Korea;South Korea 6;의정부천문대;https://www.google.com/maps?q=37.7470029,127.0771415;
South Korea;South Korea 7;천문대;https://www.google.com/maps?q=36.4705961,127.1427809;
South Korea;South Korea 8;천문대;https://www.google.com/maps?q=36.3768871,127.3754507;
South Korea;South Korea 9;천체투영관;https://www.google.com/maps?q=37.4392025,127.0053528;
South Korea;South Korea 10;충북대 천문대;https://www.google.com/maps?q=36.6262645,127.4560927;
Spain;Spain 1;Espacio 0.42 Centro Astronómico Aragonés;https://www.google.com/maps?q=42.1080436,-0.4600631;
Spain;Spain 2;No-Name;https://www.google.com/maps?q=36.7333332,-4.4279254;
Spain;Spain 3;No-Name;https://www.google.com/maps?q=43.4157405,-3.4418965;
Spain;Spain 4;No-Name;https://www.google.com/maps?q=41.6626616,-5.2672249;
Spain;Spain 5;No-Name;https://www.google.com/maps?q=42.7741259,-1.2517346;
Spain;Spain 6;No-Name;https://www.google.com/maps?q=38.5356386,-0.8183364;
Spain;Spain 7;Observatori astronòmic del Garraf;https://www.google.com/maps?q=41.3066333,1.8383934;
Spain;Spain 8;Observatorio;https://www.google.com/maps?q=36.5080298,-4.8917612;
Spain;Spain 9;Observatorio astronómico;https://www.google.com/maps?q=37.5602032,-1.8744616;
Spain;Spain 10;Parque de Estrellas Zamarrilla;https://www.google.com/maps?q=39.3776433,-6.3336109;
Spain;Spain 11;Planetari;https://www.google.com/maps?q=41.4123709,2.1323311;
Spain;Spain 12;Planetari Municipal de Barcelona;https://www.google.com/maps?q=41.4179908,2.1698342;
Spain;Spain 13;Planetari de Castelló;https://www.google.com/maps?q=39.9793169,0.0220855;
Spain;Spain 14;Planetario de Madrid;https://www.google.com/maps?q=40.3926457,-3.6852639;
Spain;Spain 15;Planetario de Serón-Almería;https://www.google.com/maps?q=37.3518104,-2.5199361;
Spain;Spain 16;Planetario del Museo de las Ciencias de Castilla La Mancha;https://www.google.com/maps?q=40.0770967,-2.1304597;
Sweden;Sweden 1;Planetariet i Lund;https://www.google.com/maps?q=55.7120367,13.2117663;
Switzerland;Switzerland 1;Le Dôme;https://www.google.com/maps?q=46.2269308,7.3480373;
Switzerland;Switzerland 2;No-Name;https://www.google.com/maps?q=47.3322083,7.4859986;
Switzerland;Switzerland 3;No-Name;https://www.google.com/maps?q=47.3319384,7.4844025;
Switzerland;Switzerland 4;Planetarium SIRIUS;https://www.google.com/maps?q=46.7393206,7.7262037;
Switzerland;Switzerland 5;Space Eye;https://www.google.com/maps?q=46.8521206,7.454046;
Taiwan;Taiwan 1;No-Name;https://www.google.com/maps?q=24.6887983,121.7666058;
Taiwan;Taiwan 2;No-Name;https://www.google.com/maps?q=22.9894617,120.1815507;
Taiwan;Taiwan 3;氣象署天文站;https://www.google.com/maps?q=25.0373589,121.514361;
Taiwan;Taiwan 4;臺北市立天文科學教育館 (臺北市立天文科學教育Hall);https://www.google.com/maps?q=25.0959779,121.5185417;
Taiwan;Taiwan 5;興大附中天文臺;https://www.google.com/maps?q=24.1090984,120.682495;
Taiwan;Taiwan 6;達觀樓;https://www.google.com/maps?q=23.4747814,120.4713854;
Taiwan;Taiwan 7;麗山高中天文臺;https://www.google.com/maps?q=25.0847969,121.57848;
Thailand;Thailand 1;ท้องฟ้าจำลองกรุงเทพ;https://www.google.com/maps?q=13.7195297,100.5827399;
Thailand;Thailand 2;ศูนย์การเรียนรู้ องค์การบริหารส่วนจังหวัดเชียงราย;https://www.google.com/maps?q=19.9297974,99.8628802;
Thailand;Thailand 3;ศูนย์วิทยาศาสตร์และดาราศาสตร์ องค์การบริหารส่วนจังหวัดชลบุรี;https://www.google.com/maps?q=13.3385393,100.9553943;
Thailand;Thailand 4;อาคารท้องฟ้าจำลอง;https://www.google.com/maps?q=18.8530486,98.9576147;
Tunesien;Tunesien 1;Planétarium;https://www.google.com/maps?q=36.8495763,10.1885073;
Turkey;Turkey 1;Ali Kuşçu Gökbilim Merkezi;https://www.google.com/maps?q=39.9254083,32.9172243;
Turkey;Turkey 2;Bahçe SSR Yer Belirleme;https://www.google.com/maps?q=37.2003931,36.650865;
Turkey;Turkey 3;Bilim Merkezi Planetaryum;https://www.google.com/maps?q=36.1950071,36.164392;
Turkey;Turkey 4;Cacabey Göevi;https://www.google.com/maps?q=40.1959286,29.1592684;
Turkey;Turkey 5;No-Name;https://www.google.com/maps?q=38.4752223,27.0834815;
Turkey;Turkey 6;No-Name;https://www.google.com/maps?q=37.9862043,32.5935274;
Turkey;Turkey 7;No-Name;https://www.google.com/maps?q=41.0117128,39.7199849;
Turkey;Turkey 8;Serdivan Planetaryum;https://www.google.com/maps?q=40.7760628,30.364231;
Türkei;Türkei 1;Bağcılar Belediyesi 8D Sinema Planetaryum;https://www.google.com/maps?q=41.033108,28.8561654;
USA;USA 1;Pacific Planetarium;https://www.google.com/maps?q=47.5690985,-122.6272053;
USA;USA 2;Rudolph Planetarium;https://www.google.com/maps?q=47.6607942,-122.5772956;
Ukraine;Ukraine 1;No-Name;https://www.google.com/maps?q=46.9643147,31.9862284;
Ukraine;Ukraine 2;No-Name;https://www.google.com/maps?q=48.462624,35.0588733;
Ukraine;Ukraine 3;Донецький цифровий планетарій;https://www.google.com/maps?q=47.9921416,37.8037389;
Ukraine;Ukraine 4;"Музей-планетарій ""Харків космічний""";https://www.google.com/maps?q=49.9957408,36.2287105;
Ukraine;Ukraine 5;Планетарій;https://www.google.com/maps?q=50.4316342,30.516804;
Ukraine;Ukraine 6;Планетарій;https://www.google.com/maps?q=49.44724,32.0617302;
Ukraine;Ukraine 7;Планетарій;https://www.google.com/maps?q=48.4624968,35.0588948;
Ukraine;Ukraine 8;Планетарій;https://www.google.com/maps?q=49.2366061,28.4532826;
Ukraine;Ukraine 9;Планетарій;https://www.google.com/maps?q=51.9536957,33.9376218;
Ukraine;Ukraine 10;Херсонський планетарій;https://www.google.com/maps?q=46.6303963,32.6094429;
United Kingdom;United Kingdom 1;Armagh Planetarium;https://www.google.com/maps?q=54.3520149,-6.6487875;
United Kingdom;United Kingdom 2;Chichester Planetarium;https://www.google.com/maps?q=50.8268365,-0.7782375;
United Kingdom;United Kingdom 3;No-Name;https://www.google.com/maps?q=52.5824547,-0.2394729;
United Kingdom;United Kingdom 4;No-Name;https://www.google.com/maps?q=51.4626557,-3.1684764;
United Kingdom;United Kingdom 5;Peter Harrison Planetarium;https://www.google.com/maps?q=51.4771467,-0.0007443;
United Kingdom;United Kingdom 6;Planetarium @Bristol;https://www.google.com/maps?q=51.4500767,-2.600821;
United Kingdom;United Kingdom 7;Sir Patrick Moore Planetarium;https://www.google.com/maps?q=52.6536426,-1.1322722;
United Kingdom;United Kingdom 8;Space Dome;https://www.google.com/maps?q=53.2390937,-2.3034791;
United Kingdom;United Kingdom 9;Stargazing;https://www.google.com/maps?q=54.9956748,-2.3894426;
United Kingdom;United Kingdom 10;Wynyard Planetarium;https://www.google.com/maps?q=54.6113268,-1.377306;
United States of America;United States of America 1;ASU Planetarium;https://www.google.com/maps?q=31.4410732,-100.4612846;
United States of America;United States of America 2;Abrams Planetarium;https://www.google.com/maps?q=42.7256156,-84.4760425;
United States of America;United States of America 3;Adler Planetarium;https://www.google.com/maps?q=41.8663624,-87.6066267;
United States of America;United States of America 4;Alden Digital Planetarium;https://www.google.com/maps?q=42.2644899,-71.7667951;
United States of America;United States of America 5;Alice and Leonard Dreyfuss Planetarium;https://www.google.com/maps?q=40.7431908,-74.17188;
United States of America;United States of America 6;Anchorage Museum Planetarium;https://www.google.com/maps?q=61.2163041,-149.8838237;
United States of America;United States of America 7;Anderson Hancock Planetarium;https://www.google.com/maps?q=39.4156365,-81.4502064;
United States of America;United States of America 8;Arne Slettebak Planetarium;https://www.google.com/maps?q=40.002673,-83.0132535;
United States of America;United States of America 9;"Arthur Storer Planetarium;Spaceflight America Museum and Science Center";https://www.google.com/maps?q=38.5524981,-76.5828821;
United States of America;United States of America 10;Ask Jeeves Planetarium;https://www.google.com/maps?q=37.8186579,-122.1804698;
United States of America;United States of America 11;Astronomy;https://www.google.com/maps?q=33.7855652,-118.2835732;
United States of America;United States of America 12;BGSU Panetarium;https://www.google.com/maps?q=41.3799105,-83.6399904;
United States of America;United States of America 13;BYU-I Planetarium;https://www.google.com/maps?q=43.8202103,-111.7829579;
United States of America;United States of America 14;Barlow Planetarium;https://www.google.com/maps?q=44.2304544,-88.4154272;
United States of America;United States of America 15;Bays Mountain Planetarium;https://www.google.com/maps?q=36.508283,-82.611019;
United States of America;United States of America 16;Bechtel National Planetarium;https://www.google.com/maps?q=46.2519372,-119.1237962;
United States of America;United States of America 17;Blythewood;https://www.google.com/maps?q=30.7310319,-90.4987074;
United States of America;United States of America 18;Boyd E. Christenberry Planetarium;https://www.google.com/maps?q=33.4664217,-86.7900095;
United States of America;United States of America 19;Brazosport Planetarium;https://www.google.com/maps?q=29.0459958,-95.4060007;
United States of America;United States of America 20;Buckstaff Planetarium;https://www.google.com/maps?q=44.0284346,-88.5515674;
United States of America;United States of America 21;Calusa Nature Center Planetarium;https://www.google.com/maps?q=26.6160699,-81.812336;
United States of America;United States of America 22;Campbell County School District Planetarium;https://www.google.com/maps?q=44.2702275,-105.5189554;
United States of America;United States of America 23;Charles W. Brown Planetarium;https://www.google.com/maps?q=40.1999364,-85.4126285;
United States of America;United States of America 24;Chesapeake Planetarium;https://www.google.com/maps?q=36.7160362,-76.2507598;
United States of America;United States of America 25;Chia-yu Li Planetarium;https://www.google.com/maps?q=35.4388002,-77.4702718;
United States of America;United States of America 26;Children's Museum of Pittsburgh;https://www.google.com/maps?q=40.4528611,-80.0063057;
United States of America;United States of America 27;Christa McAuliffe Planetarium;https://www.google.com/maps?q=43.2245477,-71.5323986;
United States of America;United States of America 28;Clark Planetarium;https://www.google.com/maps?q=38.7304828,-82.9921416;
United States of America;United States of America 29;Clark Planetarium;https://www.google.com/maps?q=40.7669378,-111.9029048;
United States of America;United States of America 30;Clyde Tombaugh Dome Theater & Planetarium;https://www.google.com/maps?q=32.9201067,-105.923253;
United States of America;United States of America 31;Coca-Cola Space Science Center;https://www.google.com/maps?q=32.4598409,-84.9952567;
United States of America;United States of America 32;Como Planetarium;https://www.google.com/maps?q=44.9782869,-93.1332515;
United States of America;United States of America 33;David M. Brown Planetarium;https://www.google.com/maps?q=38.8884719,-77.1087413;
United States of America;United States of America 34;Davis Planetarium;https://www.google.com/maps?q=39.281201,-76.612131;
United States of America;United States of America 35;Delta College Planetarium;https://www.google.com/maps?q=43.5977578,-83.8895845;
United States of America;United States of America 36;Detwiler Planetarium;https://www.google.com/maps?q=41.2466098,-77.0013871;
United States of America;United States of America 37;Dome Planetarium;https://www.google.com/maps?q=40.689576,-89.5893013;
United States of America;United States of America 38;Donald Bianchi Planetarium;https://www.google.com/maps?q=34.2390603,-118.5284666;
United States of America;United States of America 39;DuPont Planetarium;https://www.google.com/maps?q=33.5751344,-81.7699494;
United States of America;United States of America 40;EOS Planetarium;https://www.google.com/maps?q=47.6760314,-117.462432;
United States of America;United States of America 41;East Kentucky Science Center;https://www.google.com/maps?q=37.6854531,-82.7789323;
United States of America;United States of America 42;Edgewood Middle School Planetarium;https://www.google.com/maps?q=39.4224448,-76.2887497;
United States of America;United States of America 43;Einstein Planetarium;https://www.google.com/maps?q=38.8883458,-77.0201927;
United States of America;United States of America 44;Elizabeth City State University - Khan Planetarium;https://www.google.com/maps?q=36.2793494,-76.2138356;
United States of America;United States of America 45;Felmley Planetarium;https://www.google.com/maps?q=40.5102232,-88.9898774;
United States of America;United States of America 46;Fernbank Science Center;https://www.google.com/maps?q=33.7786904,-84.3180916;
United States of America;United States of America 47;Fiske Planetarium;https://www.google.com/maps?q=40.0035956,-105.263492;
United States of America;United States of America 48;Fleischmann Planetarium;https://www.google.com/maps?q=39.5458896,-119.8194109;
United States of America;United States of America 49;Fogg Planetarium;https://www.google.com/maps?q=30.4405294,-84.2833458;
United States of America;United States of America 50;Francis M. Malcome Institute Planetarium;https://www.google.com/maps?q=46.6847494,-67.8748518;
United States of America;United States of America 51;Frost Planetarium;https://www.google.com/maps?q=25.785381,-80.1883188;
United States of America;United States of America 52;Gengras Planetarium;https://www.google.com/maps?q=41.761775,-72.7370522;
United States of America;United States of America 53;Gustafson Planetarium;https://www.google.com/maps?q=41.5127321,-73.8677347;
United States of America;United States of America 54;H.E.B. Planetarium;https://www.google.com/maps?q=26.3065237,-98.1719217;
United States of America;United States of America 55;Hardin Planetarium;https://www.google.com/maps?q=36.9864734,-86.4495768;
United States of America;United States of America 56;Harold E. Newhard Planetarium;https://www.google.com/maps?q=41.0542906,-83.6525648;
United States of America;United States of America 57;Hayden Planetarium;https://www.google.com/maps?q=42.3667653,-71.0702204;
United States of America;United States of America 58;Hayden Planetarium;https://www.google.com/maps?q=40.7813974,-73.9733215;
United States of America;United States of America 59;Health and Science Museum;https://www.google.com/maps?q=35.2601317,-77.585196;
United States of America;United States of America 60;Heitkamp Planetarium;https://www.google.com/maps?q=42.5038177,-90.6810553;
United States of America;United States of America 61;Henry Hudson Panetarium;https://www.google.com/maps?q=42.6543929,-73.7479623;
United States of America;United States of America 62;Henson Planetarium;https://www.google.com/maps?q=38.3455387,-75.6057924;
United States of America;United States of America 63;Heritage Planetarium;https://www.google.com/maps?q=35.7629458,-83.8620461;
United States of America;United States of America 64;Hooper Planetarium;https://www.google.com/maps?q=34.8399481,-82.3090453;
United States of America;United States of America 65;Hurst Planetarium;https://www.google.com/maps?q=42.2146398,-84.4161958;
United States of America;United States of America 66;Imiloa Astronomy Center;https://www.google.com/maps?q=19.7008162,-155.0888882;
United States of America;United States of America 67;James E. Bertelsmeyer Planetarium;https://www.google.com/maps?q=36.2071664,-95.8962756;
United States of America;United States of America 68;James S. McDonnell Planetarium;https://www.google.com/maps?q=38.6312578,-90.2708809;
United States of America;United States of America 69;Jhamandas Watumull Planetarium;https://www.google.com/maps?q=21.3328656,-157.8705566;
United States of America;United States of America 70;Jim and Linda Lee Planetarium;https://www.google.com/maps?q=34.6156536,-112.4507773;
United States of America;United States of America 71;John C Wells Planetarium;https://www.google.com/maps?q=38.4399109,-78.8732779;
United States of America;United States of America 72;John Deere Planetarium;https://www.google.com/maps?q=41.5027865,-90.5485025;
United States of America;United States of America 73;John R. Kirk Planetarium;https://www.google.com/maps?q=41.7425228,-74.08352;
United States of America;United States of America 74;Joseph M. Bryan Jr. Auditorium;https://www.google.com/maps?q=36.095474,-79.8899375;
United States of America;United States of America 75;Kika Silva Planetarium;https://www.google.com/maps?q=29.6818991,-82.4330552;
United States of America;United States of America 76;Lamar Bruni Vergara Planetarium;https://www.google.com/maps?q=27.5723275,-99.4339692;
United States of America;United States of America 77;Lawrence Planetarium;https://www.google.com/maps?q=37.8788503,-122.2466691;
United States of America;United States of America 78;Longo Planetarium;https://www.google.com/maps?q=40.8581524,-74.5792699;
United States of America;United States of America 79;Longway Planetarium;https://www.google.com/maps?q=43.0227578,-83.6763043;
United States of America;United States of America 80;Love's Planetarium;https://www.google.com/maps?q=35.5236868,-97.4738888;
United States of America;United States of America 81;Lueninghoener Planetarium;https://www.google.com/maps?q=41.436596,-96.489166;
United States of America;United States of America 82;Lyman Spitzer Jr. Planetarium;https://www.google.com/maps?q=44.4202348,-72.0199091;
United States of America;United States of America 83;MCC Planetarium;https://www.google.com/maps?q=33.3895689,-111.8736297;
United States of America;United States of America 84;Manfred Olsen Planetarium;https://www.google.com/maps?q=43.075459,-87.8858962;
United States of America;United States of America 85;Marshall W. Alworth Planetarium;https://www.google.com/maps?q=46.8161223,-92.0871729;
United States of America;United States of America 86;McKeldin Planetarium;https://www.google.com/maps?q=38.9823899,-76.4927094;
United States of America;United States of America 87;Mcdonald Funeral Home;https://www.google.com/maps?q=30.5266863,-89.685111;
United States of America;United States of America 88;Moody Planetarium;https://www.google.com/maps?q=33.5910948,-101.8854026;
United States of America;United States of America 89;Morgan Jones Planetarium;https://www.google.com/maps?q=32.4571508,-99.7582709;
United States of America;United States of America 90;Morrison Planetarium;https://www.google.com/maps?q=37.7700378,-122.465837;
United States of America;United States of America 91;Mt. SAC - Randall Planetarium;https://www.google.com/maps?q=34.0474598,-117.8432136;
United States of America;United States of America 92;Murry J Frank Planetarium;https://www.google.com/maps?q=30.0877737,-94.1375049;
United States of America;United States of America 93;Museum of Natural History Planetarium;https://www.google.com/maps?q=41.7870339,-71.4131813;
United States of America;United States of America 94;Neag Planetarium;https://www.google.com/maps?q=40.3279505,-75.9528778;
United States of America;United States of America 95;New Jersey State Planetarium;https://www.google.com/maps?q=40.2205869,-74.7729299;
United States of America;United States of America 96;New Mexico Museum of Space History;https://www.google.com/maps?q=32.9212283,-105.9209315;
United States of America;United States of America 97;No-Name;https://www.google.com/maps?q=41.1454927,-81.34261;
United States of America;United States of America 98;No-Name;https://www.google.com/maps?q=31.2906619,-85.3694176;
United States of America;United States of America 99;No-Name;https://www.google.com/maps?q=42.3050705,-89.1373208;
United States of America;United States of America 100;No-Name;https://www.google.com/maps?q=32.0774145,-96.4970049;
United States of America;United States of America 101;No-Name;https://www.google.com/maps?q=30.4726005,-87.2349853;
United States of America;United States of America 102;No-Name;https://www.google.com/maps?q=36.8491255,-76.0371903;
United States of America;United States of America 103;No-Name;https://www.google.com/maps?q=32.5262444,-92.6508834;
United States of America;United States of America 104;No-Name;https://www.google.com/maps?q=43.4549662,-76.5384221;
United States of America;United States of America 105;No-Name;https://www.google.com/maps?q=44.7974473,-91.4995751;
United States of America;United States of America 106;No-Name;https://www.google.com/maps?q=46.9191339,-98.0020575;
United States of America;United States of America 107;No-Name;https://www.google.com/maps?q=47.0024277,-120.5404766;
United States of America;United States of America 108;No-Name;https://www.google.com/maps?q=35.8022083,-83.574916;
United States of America;United States of America 109;No-Name;https://www.google.com/maps?q=36.5326157,-87.351148;
United States of America;United States of America 110;No-Name;https://www.google.com/maps?q=34.5729732,-118.0935195;
United States of America;United States of America 111;No-Name;https://www.google.com/maps?q=43.1627963,-73.0770645;
United States of America;United States of America 112;No-Name;https://www.google.com/maps?q=42.0457562,-87.7007363;
United States of America;United States of America 113;No-Name;https://www.google.com/maps?q=38.4551819,-122.7228626;
United States of America;United States of America 114;No-Name;https://www.google.com/maps?q=39.2784053,-75.5815192;
United States of America;United States of America 115;No-Name;https://www.google.com/maps?q=42.3580855,-83.0620372;
United States of America;United States of America 116;No-Name;https://www.google.com/maps?q=35.097815,-106.6660435;
United States of America;United States of America 117;No-Name;https://www.google.com/maps?q=36.1463718,-86.7759899;
United States of America;United States of America 118;No-Name;https://www.google.com/maps?q=44.0564397,-123.0729556;
United States of America;United States of America 119;No-Name;https://www.google.com/maps?q=38.560495,-121.4212717;
United States of America;United States of America 120;No-Name;https://www.google.com/maps?q=41.8112918,-72.2530417;
United States of America;United States of America 121;No-Name;https://www.google.com/maps?q=42.860139,-106.3331797;
United States of America;United States of America 122;No-Name;https://www.google.com/maps?q=30.3321964,-95.8606784;
United States of America;United States of America 123;OMSI Planetarium;https://www.google.com/maps?q=45.5088197,-122.666236;
United States of America;United States of America 124;Orange Coast College Planetarium;https://www.google.com/maps?q=33.6696858,-117.9126586;
United States of America;United States of America 125;Paulucci Space Theatre;https://www.google.com/maps?q=47.4234832,-92.9229095;
United States of America;United States of America 126;Pittsylvania County Schools Planetarium;https://www.google.com/maps?q=36.8265339,-79.3963273;
United States of America;United States of America 127;Planetarium;https://www.google.com/maps?q=33.2418724,-95.9095018;
United States of America;United States of America 128;Planetarium;https://www.google.com/maps?q=33.8864888,-118.3290471;
United States of America;United States of America 129;Planetarium;https://www.google.com/maps?q=32.8951144,-96.9169623;
United States of America;United States of America 130;Planetarium;https://www.google.com/maps?q=34.0873301,-117.3113546;
United States of America;United States of America 131;Planetarium (PL);https://www.google.com/maps?q=37.9677971,-122.0734316;
United States of America;United States of America 132;Planetarium/West Classrooms;https://www.google.com/maps?q=36.7705394,-108.1701598;
United States of America;United States of America 133;Plantarium and Aquarium;https://www.google.com/maps?q=35.7366174,-81.3350635;
United States of America;United States of America 134;Rauch Planetarium;https://www.google.com/maps?q=38.2187766,-85.7591992;
United States of America;United States of America 135;Robert H Johnson Planetarium;https://www.google.com/maps?q=39.7183294,-105.1082835;
United States of America;United States of America 136;Robert J. Novins Planetarium (PLAN);https://www.google.com/maps?q=40.0087863,-74.1654344;
United States of America;United States of America 137;Robert K. Wickware Planetarium;https://www.google.com/maps?q=41.7204083,-72.2175781;
United States of America;United States of America 138;Robison Planetarium;https://www.google.com/maps?q=34.6281453,-79.0593978;
United States of America;United States of America 139;Rosicrucian Planetarium;https://www.google.com/maps?q=37.3337324,-121.9233614;
United States of America;United States of America 140;Roth Planetarium;https://www.google.com/maps?q=39.7278916,-121.8469903;
United States of America;United States of America 141;Royden G. Derrick Planetarium;https://www.google.com/maps?q=40.2471559,-111.6498571;
United States of America;United States of America 142;Russell Planetarium;https://www.google.com/maps?q=32.7626616,-96.635887;
United States of America;United States of America 143;SCPL Planetarium & Maker Lab;https://www.google.com/maps?q=34.9486382,-81.9309151;
United States of America;United States of America 144;SFCC Planetarium;https://www.google.com/maps?q=35.6055724,-105.9994362;
United States of America;United States of America 145;Salisbury University Richard A. Henson School of Science & Technology Planetarium;https://www.google.com/maps?q=38.3453872,-75.6058631;
United States of America;United States of America 146;Samuel Oschin Planetarium;https://www.google.com/maps?q=34.118115,-118.3003754;
United States of America;United States of America 147;Sanford Planetarium;https://www.google.com/maps?q=42.7503225,-95.5504674;
United States of America;United States of America 148;Santa Monica College Planetarium (2nd floor, Drescher Hall);https://www.google.com/maps?q=34.01749,-118.471783;
United States of America;United States of America 149;Schreder Planetarium;https://www.google.com/maps?q=40.5798265,-122.4011762;
United States of America;United States of America 150;Science Center Planetarium;https://www.google.com/maps?q=36.5843099,-79.3850188;
United States of America;United States of America 151;Seminole State College Planetarium;https://www.google.com/maps?q=28.7450761,-81.3023666;
United States of America;United States of America 152;Seymour Planetarium;https://www.google.com/maps?q=42.1043053,-72.5859376;
United States of America;United States of America 153;Shiras Planetarium;https://www.google.com/maps?q=46.5551954,-87.4136717;
United States of America;United States of America 154;Spanel Planetarium;https://www.google.com/maps?q=48.7372545,-122.4860781;
United States of America;United States of America 155;Stargazer Planetarium;https://www.google.com/maps?q=39.0860071,-84.7831366;
United States of America;United States of America 156;Steele Reese Education Center;https://www.google.com/maps?q=42.9021568,-115.6903674;
United States of America;United States of America 157;Strasenburgh Planetarium;https://www.google.com/maps?q=43.1521643,-77.5868098;
United States of America;United States of America 158;Strickler Planetarium;https://www.google.com/maps?q=41.1545938,-87.876045;
United States of America;United States of America 159;Suits-Bueche Planetarium;https://www.google.com/maps?q=42.8116995,-73.9338078;
United States of America;United States of America 160;The Mapparium;https://www.google.com/maps?q=42.3452064,-71.0861768;
United States of America;United States of America 161;U.S. Air Force Academy Planetarium;https://www.google.com/maps?q=39.0109098,-104.8930002;
United States of America;United States of America 162;UCLA Planetarium;https://www.google.com/maps?q=34.0693799,-118.4426883;
United States of America;United States of America 163;University of Wisconsin-Marathon County Planetarium;https://www.google.com/maps?q=44.9577405,-89.6444789;
United States of America;United States of America 164;Ward Beecher Planetarium;https://www.google.com/maps?q=41.1045973,-80.6474258;
United States of America;United States of America 165;Waubonsie Valley Planetarium;https://www.google.com/maps?q=41.7390989,-88.2529565;
United States of America;United States of America 166;Wausau School District Planetarium;https://www.google.com/maps?q=44.9742982,-89.6512524;
United States of America;United States of America 167;Wernher von Braun Planetarium;https://www.google.com/maps?q=34.7497023,-86.5124039;
United States of America;United States of America 168;Whittenberger Planetarium;https://www.google.com/maps?q=43.6530107,-116.6778669;
United States of America;United States of America 169;Whitworth Ferguson Planetarium;https://www.google.com/maps?q=42.9350759,-78.8833566;
United States of America;United States of America 170;Williamsville North Planetarium;https://www.google.com/maps?q=43.0234646,-78.7366;
United States of America;United States of America 171;Yahn Planetarium of Harborcreek;https://www.google.com/maps?q=42.1195378,-79.9880134;
United States of America;United States of America 172;Zacheis Planetarium;https://www.google.com/maps?q=37.4700397,-105.8790598;
United States of America;United States of America 173;Zygmunt Planetarium;https://www.google.com/maps?q=42.9058766,-78.8437629;
Uruguay;Uruguay 1;"Planetario de Montevideo ""Agrimensor Germán Barbato""";https://www.google.com/maps?q=-34.9018806,-56.1445313;
Venezuela;Venezuela 1;No-Name;https://www.google.com/maps?q=10.7697758,-71.6675915;
Venezuela;Venezuela 2;Planetario Humboldt;https://www.google.com/maps?q=10.4927059,-66.8375616;